{
  "chip": "Apple M1 Pro",
  "r_size": 12,
  "r_score": 8,
  "tasks": {
    "goldilocks_ntt": {
      "configs": [
        {
          "label": "N2_14",
          "held_out": false,
          "gpu_seconds": [
            0.00013558333375840448,
            0.00013533333276427584,
            0.000135437499920954,
            0.00013468749875755748,
            5.5124999562394805e-05,
            5.527083339984529e-05,
            5.5500000598840415e-05,
            5.577083265961846e-05,
            5.6062499425024725e-05,
            5.6979166402015835e-05,
            5.8604166042641737e-05,
            5.479166702571092e-05
          ],
          "cv": 0.4533626843824524
        },
        {
          "label": "N2_16",
          "held_out": false,
          "gpu_seconds": [
            0.0003306874996269471,
            0.00012079166663170327,
            0.00013427083376882365,
            0.00012168749981356086,
            0.00023337499987974297,
            0.00012395833346090512,
            0.0001235625004483154,
            0.0001221041666212841,
            0.0003326875003040186,
            0.00011985416585957864,
            0.00013299999955052044,
            0.000329375000546861
          ],
          "cv": 0.48061857729423274
        },
        {
          "label": "N2_18",
          "held_out": false,
          "gpu_seconds": [
            0.0010374583325756248,
            0.0008714166669960832,
            0.0010432499993839883,
            0.0008581041665820521,
            0.0009540208329781308,
            0.0010514791665627854,
            0.0010471875002622255,
            0.001048958333740302,
            0.0007853749993955716,
            0.0010259166665491648,
            0.0005138749993420788,
            0.000649208333925344
          ],
          "cv": 0.18881013081373368
        },
        {
          "label": "N2_20",
          "held_out": true,
          "gpu_seconds": [
            0.001529333333564864,
            0.0016292708342007245,
            0.00152908333348023,
            0.001998062500206288,
            0.001539020832751703,
            0.0015378541665995726,
            0.0015354375000242726,
            0.0015384166663352516,
            0.0015339999999923748,
            0.001534124999125197,
            0.0015326666671171552,
            0.0015364791670435807
          ],
          "cv": 0.08121402908503154
        }
      ],
      "scores": [
        0.5299448490301168,
        0.4892782305074745,
        0.4907611546141403,
        0.5891983218078618,
        0.487312326379746,
        0.5483486956690748,
        0.6036447357585216,
        0.4873533152577341
      ]
    },
    "poseidon2_hash": {
      "configs": [
        {
          "label": "t3_B4K",
          "held_out": false,
          "gpu_seconds": [
            9.552083338348893e-05,
            9.568750010657823e-05,
            9.56458334258059e-05,
            9.531249997962732e-05,
            9.70833334577037e-05,
            9.529166709398851e-05,
            9.52708342083497e-05,
            9.570833208272234e-05,
            9.579166726325639e-05,
            9.589583351043984e-05,
            9.593749928171746e-05,
            9.610416691430146e-05
          ],
          "cv": 0.004912589936071344
        },
        {
          "label": "t3_B64K",
          "held_out": false,
          "gpu_seconds": [
            0.000992416667031648,
            0.0009923958332365146,
            0.0009925208332788316,
            0.0009908541669574333,
            0.0009922708331941976,
            0.0009922500003085588,
            0.0009922500003085588,
            0.000993041667243233,
            0.0009928125000442378,
            0.0009917708330249297,
            0.000992791667158599,
            0.0009922083327182918
          ],
          "cv": 0.0005450850685822426
        },
        {
          "label": "t3_B1M",
          "held_out": false,
          "gpu_seconds": [
            0.015283479167010228,
            0.01528197916559293,
            0.015282770832527603,
            0.015283458333215094,
            0.015281854166460107,
            0.015283708333299728,
            0.015285333332940354,
            0.01540662500065082,
            0.016334000000824744,
            0.016344291666428035,
            0.015282749999641965,
            0.0152854791676873
          ],
          "cv": 0.025231422083160714
        },
        {
          "label": "t4_B256K",
          "held_out": true,
          "gpu_seconds": [
            0.005247895833235816,
            0.005232354165855213,
            0.005246874999102147,
            0.005250208332654438,
            0.005233916665929428,
            0.005249124999863852,
            0.005248437500085856,
            0.005235874999925727,
            0.005322770833117829,
            0.005266000000119675,
            0.005255875000329979,
            0.005262000000584521
          ],
          "cv": 0.004359948071224644
        }
      ],
      "scores": [
        0.03398779456513606,
        0.0340716395797211,
        0.0341487979021817,
        0.03426013165264944,
        0.034517535091750796,
        0.03406269450946938,
        0.03438245928916501,
        0.03393517979380273
      ]
    },
    "keccak_f1600_batch": {
      "configs": [
        {
          "label": "sha3_256_B16K",
          "held_out": false,
          "gpu_seconds": [
            0.0013881041659260518,
            0.0013880833339499077,
            0.0013866666668036487,
            0.0013873541665816447,
            0.0013887499999327702,
            0.001387937501021952,
            0.0013903750004828908,
            0.0014399166675502784,
            0.0013945624987172778,
            0.0014239583324524574,
            0.0013963333331048489,
            0.0013886249998904532
          ],
          "cv": 0.011685648185963269
        },
        {
          "label": "sha3_256_B256K",
          "held_out": false,
          "gpu_seconds": [
            0.021954791666757956,
            0.021966499999507505,
            0.021960270833915274,
            0.02195658333312167,
            0.022692145833389077,
            0.022594624999328516,
            0.02195408333409432,
            0.021957958333587158,
            0.021957250000014028,
            0.021960645834042225,
            0.021963750001305016,
            0.02195393750025687
          ],
          "cv": 0.01159866600335498
        },
        {
          "label": "sha3_256_B4M",
          "held_out": false,
          "gpu_seconds": [
            0.35244166666689125,
            0.3516677500001606,
            0.35310149999986606,
            0.35277422916715295,
            0.3633907499997804,
            0.35279235416692245,
            0.35124787499989907,
            0.3512732291665088,
            0.3513021041671891,
            0.35135116666606336,
            0.3527981249990262,
            0.3603377083336454
          ],
          "cv": 0.010631943122034977
        },
        {
          "label": "shake128_B1M_out256",
          "held_out": true,
          "gpu_seconds": [
            0.1803504375002376,
            0.17649008333319216,
            0.17635874999996304,
            0.1763304166661328,
            0.17655981250027253,
            0.17655899999954272,
            0.17652956249912677,
            0.17641883333271835,
            0.17651620833385095,
            0.17646291666642355,
            0.17647597916766244,
            0.1764137916661639
          ],
          "cv": 0.006087355860296861
        }
      ],
      "scores": [
        0.03932227564790996,
        0.039332334492670595,
        0.03933268748804943,
        0.0392582461285007,
        0.039251680583431606,
        0.0393251478443354,
        0.038995030931091454,
        0.03934438609087509
      ]
    },
    "montgomery_msm": {
      "configs": [
        {
          "label": "bls_N4K",
          "held_out": false,